{
  "epoch": [
    1,
    2,
    3,
    4,
    5,
    6,
    7,
    8,
    9,
    10,
    11,
    12,
    13,
    14,
    15,
    16,
    17,
    18,
    19,
    20,
    21,
    22,
    23,
    24,
    25,
    26,
    27,
    28,
    29,
    30
  ],
  "train_loss": [
    1.3807003997093024,
    1.2785247093023255,
    1.1703060652858528,
    1.1274092326792635,
    0.9788042408551356,
    0.8868985434835271,
    0.7942433911700582,
    0.7314907340116279,
    0.6475271772044574,
    0.5854412936425024,
    0.5466625598049903,
    0.47886427058730013,
    0.4226593490718871,
    0.36792684155841204,
    0.2906220901844113,
    0.25160669725994733,
    0.24006803645644076,
    0.20110400887422783,
    0.19469372061795967,
    0.1598555838414865,
    0.12198196825130965,
    0.12651694098184274,
    0.11202741408532904,
    0.10194689728492914,
    0.09630168131155561,
    0.10697270918262097,
    0.08531820866488671,
    0.09872777887093004,
    0.04733891265336857,
    0.0626921154731928
  ],
  "val_loss": [
    1.3280451893806458,
    1.295637845993042,
    1.2688905596733093,
    1.22503662109375,
    1.1770834922790527,
    1.1448458433151245,
    1.123192310333252,
    1.1166309714317322,
    1.1202877759933472,
    1.1648986339569092,
    1.146736055612564,
    1.046365648508072,
    0.9941303730010986,
    0.9880046844482422,
    0.9921448230743408,
    0.9986019134521484,
    1.0714510381221771,
    1.1137116253376007,
    0.9718112945556641,
    0.8136914968490601,
    0.7344116270542145,
    0.6903944909572601,
    0.6989585161209106,
    0.746376246213913,
    0.7990447580814362,
    0.7920297384262085,
    0.7236711978912354,
    0.7197701334953308,
    0.74988654255867,
    0.7433379888534546
  ],
  "train_acc": [
    0.3023255813953488,
    0.4806201550387597,
    0.5503875968992248,
    0.6201550387596899,
    0.6666666666666666,
    0.8062015503875969,
    0.813953488372093,
    0.8527131782945736,
    0.8372093023255814,
    0.875968992248062,
    0.8914728682170543,
    0.8682170542635659,
    0.937984496124031,
    0.9302325581395349,
    0.9689922480620154,
    0.9689922480620154,
    0.9767441860465116,
    0.9767441860465116,
    0.9767441860465116,
    0.9922480620155039,
    0.9844961240310077,
    0.9767441860465116,
    0.9844961240310077,
    0.9922480620155039,
    0.9689922480620154,
    0.9767441860465116,
    0.9844961240310077,
    0.9767441860465116,
    0.9922480620155039,
    1.0
  ],
  "val_acc": [
    0.34375,
    0.375,
    0.5,
    0.53125,
    0.53125,
    0.5625,
    0.5625,
    0.53125,
    0.53125,
    0.53125,
    0.53125,
    0.5625,
    0.53125,
    0.53125,
    0.5625,
    0.5625,
    0.5,
    0.5,
    0.4375,
    0.53125,
    0.65625,
    0.65625,
    0.65625,
    0.65625,
    0.59375,
    0.59375,
    0.59375,
    0.59375,
    0.59375,
    0.6875
  ]
}